LVMLA,IPA,LFA
i,i,i
ix,ĭ,ⁱ
ī,iː,ī
e,e,e
ex,ĕ,ᵉ
E,æ,ȩ
ē,eː,ē
Ē,æː,ē̹
a,ɑ,a
ax,ɑ̆,ᵃ
ā,ɑː,ā
u,u,u
ux,ŭ,ᵘ
ū,uː,ū
o,ɔ,o
ō,ɔː,ō
i_u,i͜u,iu
i_e,i͜e,ie
a_i,ɑ͜i,ai
a_u,ɑ͜u,au
e_i,e͜i,ei
u_o,u͜o,uo
u_i,u͜i,ui
e_u,e͜u,eu
o_u,ɔ͜u,ou
o_i,ɔ͜i,oi
b,b,b
b:,bː,bb
d,d,d
d:,dː,dd
f,f,f
g,ɡ,g
g:,ɡː,gg
g:,ɡː,gg
ģ,ɟ,ģ
h,x,x
j,ʝ,j
i^,i̯,i̯
k,k,k
k:,kː,kk
ķ,c,ķ
ķ:,cː,ķķ
l,l,l
l:,lː,ll
ļ,ʎ,ļ
ļ:,ʎː,ļļ
m,m,m
m:,mː,mm
n,n,n
n:,nː,nn
ņ,ɲ,ņ
ņ:,ɲː,ņņ
N,ŋ,ŋ
p,p,p
p:,pː,pp
r,r,r
r:,rː,rr
s,s,s
s:,sː,ss
s\,sˑ,s:
š,ʃ,š
š:,ʃː,šš
š\,ʃˑ,š:
t,t,t
t:,tː,tt
v,v,v
u^,u̯,u̯
z,z,z
z:,zː,zz
ž,ʒ,ž
ž:,ʒː,žž
d_z,ʣ,dz
d_z:,ʣː,dzdz
d_ž,ʤ,dž
c,ʦ,c
c:,ʦː,cs
č,ʧ ,č
č:,ʧː,čč
%,ˌ,
"""","ˈ
",·
=,,
q,,
