key,new_key,value
a,vokāļi,a|ā|i|ī|u|ū|e|ē|ie|ai|ei|au|ou|oi|ui|o|eu|iu|æ|ɛ|ǣ|ɛ̄|ɔ|ō|ø
d,līdzskaņi,b|c|č|d|dz|dž|f|g|ģ|h|j|k|ķ|l|ļ|m|n|ņ|p|r|s|š|t|v|z|ž|dz|dž
b,balsīgi_līdzsk,g|ģ|d|dz|dž|b|z|ž
c,nebalsīgi_līdzsk,k|ķ|t|c|č|p|s|š|f
l,īsie_patsk,e|a|i|u|æ|ɛ|ɔ
j,vokāļi_e_plati,a|ā|au|ai|u|ū|o|æ|ǣ
e,vokāļi_līdzsk_e_šauri,ie|ei|e|ē|i|ī|č|dž|f|ģ|h|j|ķ|ļ|ņ|š|ž|dz|šķ|ɛ|ɛ̄
f,fināles_o,dž|ij|ģēt|ģētik|ģētisk|h|hij|īd|īn|kcij|kij|ks|ld|nc|nd|nis|nīt|ntisk|nt|pej|pejisk|ps|psij|rd|rdz|rej|rf|rg|rk|rnij|rs|rt|rtij|sk|stik|stisk|tist|tl|v|vij|vism|vistisk|vist|zerist|zer
g,fināles_oo,bij|bik|bisk|bism|cij|dej|dij|dik|diķ|disk|f|felisk|fij|fik|fisk|fism|fistisk|gien|gist|ģik|ģij|ģisk|gism|liķ|mik|mist|mistik|mistisk|nij|nik|niķ|nisk|nist|nistik|nistisk|peisk|piet|pij|rik|risk|rism|ristisk|tiķ|n
h,lietv_1dekl_galotnes,iem|am|us|os|s|a|u|ā|i
o,lietv_4dekl_galotnes,ām|ās|as|ai|a|u|ā
r,lietv_2dekl_galotnes,iem|im|us|is|os|i|ī|a|u|s
k,līdzsk_e_plati,b|c|d|g|k|l|m|n|p|r|s|t|v|z
v,vokāļi_daļēja_vokalizācija,au|ai|ā|ē|ī|ie|ei|i
i,līdzsk_sākumā,skr|skl|skv|spl|spļ|spr|str|štr|spr|bj|bl|bļ|br|dņ|dr|dv|dz|dž|gl|gļ|gn|gr|gv|fl|kl|kļ|kn|kņ|kr|kv|pl|pļ|pn|pr|tr|tv|sl|sm|sn|sv|spr|str|skr|šļ|šm|šn|šņ|šv|špr|štr|zl|zn|zv|žļ|žm|žņ|žv|sk|sc|sp|st|šķ|šp|št|b|c|č|d|f|g|ģ|h|j|k|ķ|l|ļ|m|n|ņ|p|r|s|š|t|v|z|ž
m,izskaņas_u_o,jama|jamu|jamai|jamo|jamā|jams|jamam|jamajam|jums|juma|jumi|jumos|jumiem
n,priedēkļi,pa|par|pār|at|ap|sa|ne|no|iz|uz|aiz
,atrg_verbu_galotnes,os|ies|as|amies|aties|āmies|āties|ās|ušies|oties|usies
,verbu_galotnes,u|i|am|at|a|ām|āt|is|usi|ušas|uši|it|ot|os|ā|ās
,verbu_nāk_galotnes,i|im|iet|it
,pried_sākums,a|i|u|ai
,oo_vārda_beigās,avokad|audi|aut|dem|dep|dinam|disk|domin|džud|eir|eg|ek|embarg|erg|eur|fiask|fot|get|gvid|hall|hidr|hom|hug|kask|kazin|kin|kong|makr|mang|mot|metr|mikr|libid|net|pikas|portfoli|radi|raiv|ranč|sald|skont|sol|tang|tabl|tri|turb|vet|vide
,o_vārdā,abs|adv|as|astr|ek|hidr|kilkv|pan|pil|pr|psih|sur
,salikteņi_6dekl_sākumā,bik|cil|drā|gran|grun|klin|nak|pir|vals|tak|žul
