before,text,after,transcription,lemma,tag
^,110,$,simtdesmit,,
^,10,$,desmit,,
^,11,$,vi_enpacmit,,
^,12,$,di_upacmit,,
^,13,$,trīspacmit,,
^,14,$,četrpacmit,,
^,15,$,pi_ecpacmit,,
^,16,$,sešpacmit,,
^,17,$,septiņpacmit,,
^,18,$,astu_oņpacmit,,
^,19,$,deviņpacmit,,
^,20,$,di_udesmit,,
^,30,$,trīsdesmit,,
^,40,$,četrdesmit,,
^,50,$,pi_ecdesmit,,
^,60,$,sešdesmit,,
^,70,$,septiņdesmit,,
^,80,$,astu_oņdesmit,,
^,90,$,deviņdesmit,,
^,100,$,simt,,
^,1000,$,tūkstu_oš,,
,0,,nul:ex,,
,1,,vi_ens,,
,2,,divix,,
,3,,trīs,,
,4,,četrix,,
,5,,pi_ecix,,
,6,,seš:ix,,
,7,,septiņix,,
,8,,astu_oņix,,
,9,,deviņix,,
^,aģent,.+,aģent,,
^,cer,$,cEr,,
^,esot,$,Esu_ot,,
^,foto,$,fotō,,
^,foto,.+,foto,,
^,ja,$,ja,,
^,ka,$,ka,,
^,kas,$,kas,,
^,mākoņi,$,māku_oņix,,
^,norm,.+,norm,,
^,no,$,nu_o,,
^,pa,$,pa,,
^,šis,$,šis,,
^,šogad,$,šu_ogad,,
^,tas,$,tas,,
^,astoņ,,astu_oņ,,
^,tomēr,$,tu_omĒr,,
^,vēlāk,$,vĒlāk,,
^,svētdien,,svēdi_en,,
^,sestdien,,sezdi_en,,
^,piektdien,,pi_egdi_en,,
^,ceturtdien,,cEturdi_en,,
^,otr,,u_otr,,
,dom,,du_om,,
^(<priedēkļi>),dzejo,,d_zeju_o,,
^,dzejo,,d_zeju_o,,
.+,o,(<izskaņas_u_o>),u_o,,
^(<oo_vārda_beigās>),o,$,ō,,
.+,olo,(g|ģ).+,olō,,
.+,ozo,.+,ozō,,
.+,on,.+,u_on,,n.m..2
^,pē,c.+,pē,,
^,nek,.+,"%ne""k",,p(i|r|q).*
^,nek,.+,"%ne""k",nekāds,pi.*
^,ne,(kād|katr|vien|kur|kad|kas),"%ne""",,
^,lab,(dien|vakar|rīt|prāt)$,"%lab""",,
^,intere,.+,intere,,
,desm,.+,desm,,
^,ekonom,.+,ekonōm,,
^,mono,.+,mono,,
^,autor,i.+,a_utor,,
^,autor,(a|d|e|ei|ā|ē|iem|ēm|f|h|ī|k|l|m|o|p|r|t|u|v),a_utōr,,
^,konk,.+,koNk,,
^,kong,.+,koNg,,
^,jebk,.+,"%jep""k",,
,vis,,"%vis""",,a.....s
,vis,,"%vis""",,rs.
^,neie,.+,nei_e,,
^,neei,.+,nee_i,,
^,paie,.+,pai_e,,
^,sirds,.+,sirc,,
^(<salikteņi_6dekl_sākumā>),ts,.+,c,,
^a,tdz,.+,dd_z,,
^,nei,(<līdzskaņi>),nei,,
^,ae,.+,a_i,,
(<līdzskaņi>),aj,(=|q)?(<līdzskaņi>),a_i,,
(<līdzskaņi>),ai,(=|q)?(<līdzskaņi>),a_i,,
.+,ai,$,a_i,,
.+,aj,$,a_i,,
,ai,,a_i,,
(<līdzskaņi>),av,(=|q)?(<līdzskaņi>),a_u,,
.+,av,$,a_u,,
^,av,s$,a_u,,
,au,,a_u,,
(<līdzskaņi>),āj,(<vokāļi>),āj,,
,ā,,ā,,
^(<līdzsk_sākumā>),a,$,a,,
^(<līdzsk_sākumā>),a,s$,a,,
(<līdzskaņi>),a,$,ax,,
.+,a,s$,ax,,
(<līdzskaņi>),a,t$,ax,,
,a,,a,,
(<vokāļi>)(=|q)?,bp,,p:,,
.+,b,(<nebalsīgi_līdzsk>),p,,
,b,,b,,
.+,cdz,.+,d_z:,,
.+,c,(<balsīgi_līdzsk>),d_z,,
^(<īsie_patsk>),c,(<īsie_patsk>)(m|t|l|ks|kt|ms|ls)$,c:,,
^(<līdzsk_sākumā>)(<īsie_patsk>),c,(<īsie_patsk>)(m|t|l|ks|kt|ms|ls)$,c:,,
^(<līdzsk_sākumā>)(<īsie_patsk>),c,(<īsie_patsk>)s$,c:,,
^(<īsie_patsk>),c,(<īsie_patsk>)$,c:,,
^(<īsie_patsk>),c,(<īsie_patsk>)s$,c:,,
^(<līdzsk_sākumā>)(<īsie_patsk>),c,(<īsie_patsk>)$,c:,,
^(<līdzskaņi>)(<īsie_patsk>),c,(<īsie_patsk>),c,,
,c,,c,,
.+,č,(<balsīgi_līdzsk>),d_ž,,
^(<īsie_patsk>),č,(<īsie_patsk>)(m|t|l|ks|kt|ms|ls)$,č:,,
^(<līdzsk_sākumā>)(<īsie_patsk>),č,(<īsie_patsk>)(m|t|l|ks|kt|ms|ls)$,č:,,
^(<līdzsk_sākumā>)(<īsie_patsk>),č,(<īsie_patsk>)s$,č:,,
^(<īsie_patsk>),č,(<īsie_patsk>)$,č:,,
^(<īsie_patsk>),č,(<īsie_patsk>)s$,č:,,
^(<līdzsk_sākumā>)(<īsie_patsk>),č,(<īsie_patsk>)$,č:,,
,č,,č,,
.+,dz,(<nebalsīgi_līdzsk>),c,,
,dz,,d_z,,
.+,džs,$,č,,
.+,dž,(<nebalsīgi_līdzsk>),č,,
,dž,,d_ž,,
.+,ds,mit,c,,
.+,ds,$,c,,
.+,d,(<nebalsīgi_līdzsk>),t,,
,d,,d,,
,e,,E,ens$,a.*
^b,e,z.+,e,,
^,e,ks.+,e,,
^eks,e,.+,e,,
^eks.+,e, ,e,,
,e,,e,[^i]s$,n.m..2
,e,,e,,v..is.*
,e,,E,,v..c.*
^(<līdzsk_sākumā>),e,$,e,,
.+,e,(a|ā).+,e,,
.+(<līdzskaņi>),e,$,ex,,
.+(<līdzskaņi>),e,s$,ex,,
.+,e,(bt|gt|gties|kt|kties|lt|lties|lzt|mt|mties|nkt|nst|nzt|pt|pties|rt|rties|rzt|rzties|st|sties)$,e,,
,ē,,Ē,,v..c.*
.+,ē,šan(a|as|u|ai|ā|ās|os|ām)$,ē,,
.+,ē,$,ē,,
^n,ei,.+,ei,,
(<līdzskaņi>),ej,(<līdzskaņi>),e_i,,
.+,ej,$,e_i,,
,ei,,e_i,,
^n,ɛi,.+,ei,,
(<līdzskaņi>),ɛj,(<līdzskaņi>),e_i,,
.+,ɛj,$,e_i,,
,ɛi,,e_i,,
(<līdzskaņi>),ev,(<līdzskaņi>),e_u,,
.+,ev,$,e_u,,
(<līdzskaņi>),ɛv,(<līdzskaņi>),e_u,,
.+,ɛv,$,e_u,,
^n,e,.+,e,,
^č,e,tr.+,e,,
^ģ,eo,.+,eo,,
(<līdzskaņi>),eo,$,eō,,
.+,e,.*f.*,e,,
.*f.*,e,.+,e,,
.*h.*,e,.+,e,,
.+,e,.*h.*,e,,
^(b|c|j|n|p|pr|s|v|z),e,(b|l|ļ|m|n|t|z)$,e,,
.+,e,(st|rt)$,e,,
.+,e,n(<lietv_2dekl_galotnes>)$,e,,
.+,e,s(<lietv_2dekl_galotnes>)$,e,,
.*(<līdzskaņi>),e,n$,e,,
,e,,e,,n.f..6
.+,e,.+(<vokāļi_līdzsk_e_šauri>),e,,
.+,e,(<vokāļi_līdzsk_e_šauri>),e,,
.+,e,(<līdzsk_e_plati>)(<vokāļi_e_plati>),E,,
.+,e,(<līdzsk_e_plati>)(<līdzsk_e_plati>)(<vokāļi_e_plati>),E,,
,e,,e,,
.*,ē,(st|rst|rsties|gt|gties|rt|rties|pt|pties|kt|kties|rpt|rpties|rbt|rbties|rst)$,ē,,
.*(<līdzskaņi>),ē,j$,ē,,
.*(<līdzskaņi>),ējs,$,ēi^s,,
.*(<līdzskaņi>),ɛ̄js,$,ēi^s,,
.*f.*,ē,.+,ē,,
.+,ē,.*f.*,ē,,
.*h.*,ē,.+,ē,,
.+,ē,.*h.*,ē,,
.+,ē,(b|c|d|f|g|h|k|l|m|n|p|r|s|t|v|z)(<vokāļi_līdzsk_e_šauri>),ē,,
.+,ē,(<vokāļi_līdzsk_e_šauri>),ē,,
,ē,,ē,[^i]s$,n.m..2
,ē,,ē,,v..is.*
.+,ē,j(<verbu_galotnes>)$,ē,,
.+,ē,s(<verbu_nāk_galotnes>)$,ē,,
.+,ē,šu$,ē,,
.+,ē,n(<lietv_1dekl_galotnes>)$,Ē,,
.+,ē,k(<lietv_1dekl_galotnes>)$,Ē,,
.+,ē,k(<lietv_4dekl_galotnes>)$,Ē,,
.+,ē,(<līdzsk_e_plati>)(<vokāļi_e_plati>),Ē,,
.+,ē,.+(<līdzsk_e_plati>)(<vokāļi_e_plati>),Ē,,
.+,ē,(<līdzsk_e_plati>)(<līdzsk_e_plati>)(<vokāļi_e_plati>),Ē,,
.+,ē,.+(<līdzsk_e_plati>)(<līdzsk_e_plati>)(<vokāļi_e_plati>),Ē,,
,ē,ts$,Ē,,
.+,ē,.*(<vokāļi_līdzsk_e_šauri>),ē,,
.+,ē,.+(<līdzskaņi>)(<vokāļi_līdzsk_e_šauri>),ē,,
.+,ē,.+(<vokāļi_līdzsk_e_šauri>),ē,,
.+,ē,s$,ē,,
.+,ē,t$,ē,,
.+,ē,m$,ē,,
,ē,,Ē,,
,f,,f,,
.+,gg,.+,g:,,
.+,g,(<nebalsīgi_līdzsk>),k,,
,g,,g,,
.+,ģ,(<nebalsīgi_līdzsk>),ķ,,
,ģ,,ģ,,
,h,,h,,
,ie,,i_e,,
(<līdzskaņi>),iv,(<līdzskaņi>),i_u,,
.+(<līdzsk_sākumā>),i,s$,ix,,
.+(<līdzsk_sākumā>),i,t$,ix,,
.+(<līdzsk_sākumā>),i,$,ix,,
,i,,i,,
,ī,,ī,,
(<vokāļi_daļēja_vokalizācija>)(=|q)?,j,$,i^,,
(<vokāļi_daļēja_vokalizācija>)(=|q)?,j,s$,i^,,
(<vokāļi_daļēja_vokalizācija>)(=|q)?,j,š$,i^,,
(<vokāļi_daļēja_vokalizācija>)(=|q)?,j,(<līdzskaņi>).*,i^,,
i,j,$,i^,,
,j,,j,,
.+,kk,.+,k:,,
,k,(<balsīgi_līdzsk>),g,,
^(<īsie_patsk>),k,(<īsie_patsk>)(m|l|lt|t|ms|r|rs)$,k:,,
^(<līdzsk_sākumā>)(<īsie_patsk>),k,(<īsie_patsk>)(m|l|lt|t|ms|r|rs)$,k:,,
^(<līdzsk_sākumā>)(<īsie_patsk>),k,(<īsie_patsk>)s$,k:,,
^(<īsie_patsk>),k,(<īsie_patsk>)$,k:,,
^(<īsie_patsk>),k,(<īsie_patsk>)s$,k:,,
^(<līdzsk_sākumā>)(<īsie_patsk>),k,(<īsie_patsk>)$,k:,,
,k,,k,,
.+,ķ,(<balsīgi_līdzsk>),ģ,,
^(<īsie_patsk>),ķ,(<īsie_patsk>)(m|l|lt|t|ms|ls|rs)$,ķ:,,
^(<līdzsk_sākumā>)(<īsie_patsk>),ķ,(<īsie_patsk>)(m|l|lt|t|ms|ls|rs)$,ķ:,,
^(<līdzsk_sākumā>)(<īsie_patsk>),ķ,(<īsie_patsk>)s$,ķ:,,
^(<īsie_patsk>),ķ,(<īsie_patsk>)$,ķ:,,
^(<īsie_patsk>),ķ,(<īsie_patsk>)s$,ķ:,,
^(<līdzsk_sākumā>)(<īsie_patsk>),ķ,(<īsie_patsk>)$,ķ:,,
,ķ,,ķ,,
,ll,,l:,,
,l,,l,,
,ļ,,ļ,,
,mm,,m:,,
,m,,m,,
,nn,,n:,,
(<īsie_patsk>),n,g,N,,
(<īsie_patsk>),n,k,N,,
,n,,n,,
,ņņ,,ņ:,,
,ņ,,ņ,,
.*(<īsie_patsk>),n,g,N,,
.*(<īsie_patsk>),n,k,N,,
(<līdzskaņi>),oj,(<līdzskaņi>),o_i,,
.+,oi,(=|q)?$,o_i,,
(<līdzskaņi>),ɔj,(<līdzskaņi>),o_i,,
.+,ɔi,$,o_i,,
(<līdzskaņi>),ov,s$,u_ou^,,
(<līdzskaņi>),ov,(<līdzskaņi>),o_u,,
.+,ov,$,o_u,,
(<līdzskaņi>),øv,s$,u_ou^,,
(<līdzskaņi>),ɔv,(<līdzskaņi>),o_u,,
.+,ɔv,$,o_u,,
(<līdzskaņi>),oo,(<līdzskaņi>),ō,,
^n,o,.+,u_o,,
^(<o_vārdā>),o,(<līdzskaņi>).+,o,,
^bi,o,.+,o,,
^p,o,z(i|ī).+,o,,
^d,o,kum.+,o,,
.+n,oa,.+,u_oa,,
(<līdzskaņi>),oa,(<līdzskaņi>),oa,,
(<līdzskaņi>),o,$,u_o,,
(<līdzskaņi>),o,s$,u_o,,
.+(<līdzskaņi>)i,o,(<līdzskaņi>),o,,
.+,o,j(<atrg_verbu_galotnes>)$,u_o,,
.+,o,j(<verbu_galotnes>)$,u_o,,
.+,o,tāj(<lietv_4dekl_galotnes>)$,u_o,,
.+,o,šan(<lietv_4dekl_galotnes>)$,u_o,,
.+,o,šanās$,u_o,,
.+,o,šanos$,u_o,,
.+,o,ņ(<lietv_1dekl_galotnes>)$,u_o,,
,o,t$,u_o,,
.+,o,ties$,u_o,,
.+,o,tāj(<lietv_1dekl_galotnes>)$,u_o,,
.+,o,kl(<lietv_2dekl_galotnes>)$,u_o,,
.+,o,kļ(<lietv_2dekl_galotnes>)$,u_o,,
.*sk,o,l.+,u_o,,
,o,(<fināles_o>).+,o,,
.+,o,.*f.*,o,,
.*f.*,o,.+,o,,
,o,lo(<fināles_oo>).+,o,,
,o,(<fināles_oo>).+,ō,,
,o,,u_o,,
^a,pb,,b:,,
.+,p,(<balsīgi_līdzsk>),b,,
.+,pp,.+,p:,,
^(<īsie_patsk>),p,(<īsie_patsk>)(m|t|l|ks|kt|ms|ls)$,p:,,
^(<līdzsk_sākumā>)(<īsie_patsk>),p,(<īsie_patsk>)(m|t|l|ks|kt|ms|ls)$,p:,,
^(<līdzsk_sākumā>)(<īsie_patsk>),p,(<īsie_patsk>)s$,p:,,
^(<īsie_patsk>),p,(<īsie_patsk>)$,p:,,
^(<īsie_patsk>),p,(<īsie_patsk>)s$,p:,,
^(<līdzsk_sākumā>)(<īsie_patsk>),p,(<īsie_patsk>)$,p:,,
,p,,p,,
.+,rr,.+,r:,,
,r,,r,,
.+,s,(<balsīgi_līdzsk>),z,,
.+,zs,$,s\,,
.+,ss,$,s\,,
.+,ss,.+,s:,,
^(<līdzsk_sākumā>)(<īsie_patsk>),s,(<īsie_patsk>)s$,s:,,
^(<īsie_patsk>),s,(<īsie_patsk>)(m|l|lt|t|ms|ls|)$,s:,,
^(<līdzsk_sākumā>)(<īsie_patsk>),s,(<īsie_patsk>)(m|l|lt|t|ms|ls|r)$,s:,,
^(<īsie_patsk>),s,(<īsie_patsk>)$,s:,,
^(<īsie_patsk>),s,(<īsie_patsk>)s$,s:,,
^(<īsie_patsk>),s,(<īsie_patsk>)t$,s:,,
^(<līdzsk_sākumā>)(<īsie_patsk>),s,(<īsie_patsk>)$,s:,,
,s,,s,,
.+,šs,$,š\,,
.+,š,(<balsīgi_līdzsk>),ž,,
^(<īsie_patsk>),š,(<īsie_patsk>)(m|l|lt|t|ms|ls)$,š:,,
^(<līdzsk_sākumā>)(<īsie_patsk>),š,(<īsie_patsk>)(m|l|lt|t|ms|ls)$,š:,,
^(<līdzsk_sākumā>)(<īsie_patsk>),š,(<īsie_patsk>)s$,š:,,
^(<īsie_patsk>),š,(<īsie_patsk>)$,š:,,
^(<īsie_patsk>),š,(<īsie_patsk>)s$,š:,,
^(<līdzsk_sākumā>)(<īsie_patsk>),š,(<īsie_patsk>)$,š:,,
,š,,š,,
^a,td,,d:,,
.+,td,.+,d:,,
.+,ts,$,c,,
.+,t,(<balsīgi_līdzsk>),d,,
^a,tt,.+,t:,,
.+,tt,.+,t:,,
^(<īsie_patsk>),t,(<īsie_patsk>)(m|t|l|ks|kt|ms|ls)$,t:,,
^(<līdzsk_sākumā>)(<īsie_patsk>),t,(<īsie_patsk>)(m|t|l|ks|kt|ms|ls)$,t:,,
^(<līdzsk_sākumā>)(<īsie_patsk>),t,(<īsie_patsk>)s$,t:,,
^(<īsie_patsk>),t,(<īsie_patsk>)$,t:,,
^(<īsie_patsk>),t,(<īsie_patsk>)s$,t:,,
^(<līdzsk_sākumā>)(<īsie_patsk>),t,(<īsie_patsk>)$,t:,,
,t,,t,,
.+,uu,.+,ū,,
(<līdzskaņi>),uv,s$,uu^,,
(<līdzskaņi>),ue,(<līdzskaņi>),ue,,
^(<līdzsk_sākumā>),u,$,u,,
^(<līdzsk_sākumā>),u,s$,u,,
.+(<līdzsk_sākumā>),u,$,ux,,
.+(<līdzsk_sākumā>),u,s$,ux,,
.+(<līdzsk_sākumā>),u,t$,ux,,
(<līdzskaņi>),ui,(=|q)?(<līdzskaņi>),u_i,,
(<līdzskaņi>),uj,(<līdzskaņi>),u_i,,
.+,uj,$,u_i,,
,u,,u,,
.+,ūv,(<līdzskaņi>),ūu^,,
,ū,,ū,,
^brī(=|q)?,v,(o|ɔ|ō|ø).+,u^,,
(<vokāļi_daļēja_vokalizācija>)(=|q)?,v,s,u^,,
(<vokāļi_daļēja_vokalizācija>)(=|q)?,v,$,u^,,
(<vokāļi_daļēja_vokalizācija>)(=|q)?,v,(<līdzskaņi>),u^,,
,v,,v,,
^(ma|be|ai|i|u),zs,,s:,,
.+(<vokāļi>)(=|q)?,zs,.+,s:,,
.+(<vokāļi>)(=|q)?,sz,.+,z:,,
.+,zš,.+,š:,,
.+,zž,.+,ž:,,
.+,z,(<nebalsīgi_līdzsk>),s,,
^(<pried_sākums>),zz,.+,z:,,
.+,zz,.+,z:,,
,z,,z,,
.+,žs,$,š\,,
.+,ž,(<nebalsīgi_līdzsk>),š,,
,ž,,ž,,
,e,,e,[^i]s$,n.m..2
,ē,,ē,[^i]s$,n.m..2
,e,,e,,v..is.*
,ē,,ē,,v..is.*
,e,,E,,vmnpd.*ps.pn
,ē,,Ē,,vmnpd.*ps.pn
,ɛ̄,,Ē,,vmnpd.*ps.pn
,ɛ,,E,,vmnpd.*ps.pn
,e,,E,,v..c.*
,e,,E,,